CustomerID,Age,Gender,MaritalStatus,Education,Income,CreditScore,LoanAmount,LoanTerm,NumOfCreditCards,NumOfLatePayments,HasDefaultedBefore,Default
1,56.0,Male,Married,PhD,89810.97,,3994.13,24,6,10,False,1
2,69.0,Male,Married,High School,131037.68,634.0,25465.84,48,8,7,True,0
3,46.0,Female,Single,PhD,26434.59,415.0,6210.53,12,7,1,True,0
4,32.0,Female,Divorced,High School,128331.22,348.0,6592.86,48,8,0,True,1
5,60.0,Female,Single,Master,129710.2,381.0,47111.36,60,7,9,False,0
6,25.0,Female,Single,Master,57038.04,632.0,43760.1,48,1,2,True,0
7,38.0,Female,Divorced,High School,80170.75,634.0,,48,6,8,True,1
8,56.0,Male,Divorced,High School,77010.0,831.0,49304.46,24,1,2,False,1
9,36.0,Female,Married,Master,48406.28,520.0,1009.14,60,10,8,True,0
10,40.0,Female,Divorced,PhD,71583.59,622.0,31084.99,48,1,6,False,0
11,28.0,Female,Married,Master,25770.41,302.0,,48,3,9,True,1
12,28.0,Male,Divorced,PhD,56116.87,505.0,23414.71,60,0,0,False,0
13,41.0,Female,Single,High School,126168.68,339.0,20450.45,60,4,9,True,1
14,70.0,Female,Married,High School,56993.1,358.0,23313.77,12,5,4,True,1
15,53.0,Male,Married,PhD,126366.87,806.0,21333.06,24,8,8,False,0
16,57.0,Female,Married,High School,89107.93,421.0,36794.13,60,9,2,True,1
17,41.0,Male,Single,PhD,134382.15,778.0,7632.42,60,7,8,False,1
18,20.0,Male,Single,Bachelor,94721.34,395.0,10684.32,36,1,4,True,1
19,39.0,Male,Single,Master,23856.87,713.0,,60,0,8,False,0
20,70.0,Male,Single,Bachelor,107804.63,534.0,13861.06,24,1,9,True,0
21,19.0,Male,Single,PhD,25830.96,361.0,26737.66,48,6,5,True,1
22,41.0,Female,Married,Master,78577.61,555.0,6449.23,48,3,8,True,0
23,61.0,Male,Single,PhD,140825.47,647.0,43540.3,48,9,6,False,1
24,47.0,Male,Married,Master,41476.51,423.0,15570.72,48,4,6,False,0
25,55.0,Female,Single,Master,70683.41,781.0,8964.36,36,6,7,False,0
26,19.0,Male,Divorced,Master,114881.84,616.0,34105.44,60,2,6,False,0
27,38.0,Female,Married,Master,134693.61,803.0,2866.23,48,9,8,False,0
28,50.0,Female,Divorced,PhD,107222.59,347.0,31378.46,12,1,10,True,1
29,29.0,Female,Married,Master,53562.52,,35211.72,48,6,8,True,0
30,39.0,Male,Divorced,Master,107699.02,435.0,11530.91,60,4,5,True,1
31,61.0,Male,Single,Bachelor,58574.59,500.0,3056.24,48,0,6,True,1
32,42.0,Male,Single,High School,113395.8,549.0,18818.62,36,0,1,True,0
33,66.0,Female,Single,High School,144024.31,613.0,,24,8,8,False,0
34,44.0,Male,Married,Bachelor,113781.15,,6707.41,24,4,0,True,0
35,59.0,Male,Divorced,Bachelor,132174.47,728.0,13458.8,60,0,0,False,0
36,45.0,Male,Single,PhD,20273.5,779.0,15477.93,24,6,2,True,0
37,,Female,Divorced,PhD,113284.38,613.0,26968.55,24,8,5,False,0
38,32.0,Female,Divorced,PhD,127846.38,799.0,34241.2,12,10,4,False,1
39,64.0,Male,Single,Bachelor,25272.64,654.0,30045.78,60,0,1,False,0
40,68.0,Male,Single,Bachelor,,784.0,8269.66,60,9,8,True,1
41,61.0,Male,Divorced,Master,53370.25,510.0,9432.22,24,3,9,True,0
42,69.0,Male,Single,PhD,106487.97,343.0,44059.69,24,2,3,True,1
43,20.0,Female,Single,PhD,124046.13,840.0,28359.26,24,4,3,True,0
44,54.0,Female,Single,PhD,106146.39,391.0,43626.95,36,6,4,False,1
45,68.0,Female,Married,High School,31997.02,564.0,19205.78,48,7,7,False,1
46,24.0,Female,Divorced,Master,97521.8,519.0,31105.6,36,1,9,False,1
47,38.0,Male,Divorced,PhD,91445.88,741.0,26659.51,60,6,3,False,0
48,26.0,Male,Married,PhD,137041.76,700.0,,12,0,4,True,1
49,56.0,Male,Divorced,PhD,72551.16,,24025.85,48,6,3,False,0
50,35.0,Female,Single,High School,61740.54,789.0,25622.05,12,7,5,True,0
51,21.0,Male,Divorced,High School,117480.6,784.0,10837.78,60,1,2,False,0
52,42.0,Female,Single,Bachelor,73647.79,769.0,16435.51,60,8,7,False,0
53,31.0,Female,Married,Master,103992.5,744.0,39779.08,12,0,5,False,1
54,67.0,Male,Single,Bachelor,104038.51,,45873.62,12,5,9,True,1
55,26.0,Male,Divorced,Master,135445.08,566.0,18629.91,12,0,4,True,1
56,43.0,Male,Divorced,High School,97830.01,353.0,16041.64,60,2,1,False,1
57,70.0,Female,Divorced,PhD,85279.97,827.0,10564.66,24,10,9,False,0
58,19.0,Male,Married,Bachelor,38053.27,819.0,34246.07,12,5,9,False,1
59,37.0,Female,Married,PhD,35045.89,358.0,16831.89,48,2,6,True,0
60,45.0,Male,Divorced,Bachelor,40061.8,339.0,49399.73,60,7,1,True,1
61,64.0,Female,Single,High School,42340.3,536.0,,36,4,0,True,0
62,24.0,Female,Married,High School,102924.02,685.0,20312.67,36,1,6,False,0
63,,Male,Divorced,High School,116327.56,599.0,30563.38,48,3,4,True,1
64,,Female,Divorced,Bachelor,88898.9,694.0,40282.53,24,8,0,False,0
65,64.0,Female,Married,Master,127772.31,,24006.41,12,3,3,True,1
66,52.0,Male,Married,Bachelor,148864.22,635.0,21710.15,60,9,3,False,0
67,31.0,Female,Married,Master,126601.64,813.0,49786.25,12,9,9,False,1
68,34.0,Male,Single,Bachelor,110334.71,477.0,1514.19,60,7,6,True,1
69,53.0,Female,Single,Bachelor,89224.05,695.0,44858.2,36,4,8,False,0
70,67.0,Male,Divorced,High School,78350.9,670.0,8307.9,12,10,1,False,0
71,57.0,Male,Married,PhD,30971.01,617.0,39510.34,48,10,0,False,1
72,21.0,Female,Single,PhD,71917.94,668.0,31278.65,24,9,1,True,1
73,19.0,Female,Married,Master,,683.0,17750.52,48,0,6,False,1
74,23.0,Female,Divorced,PhD,125042.94,361.0,43819.87,24,6,9,True,1
75,59.0,Female,Single,Bachelor,48086.68,804.0,1632.45,12,2,5,True,0
76,21.0,Female,Single,Bachelor,80659.01,538.0,12107.84,12,9,3,False,0
77,46.0,Male,Single,High School,126174.02,494.0,28777.75,24,7,0,True,0
78,35.0,Female,Divorced,High School,28759.99,521.0,18225.57,36,2,0,False,0
79,43.0,Male,Married,PhD,70361.04,360.0,30908.5,60,0,4,True,1
80,,Male,Single,Master,130739.36,428.0,2181.4,48,4,0,False,0
81,51.0,Female,Divorced,PhD,72506.72,455.0,6706.49,48,1,6,True,0
82,27.0,Male,Married,PhD,,677.0,7227.72,48,10,10,False,0
83,,Male,Divorced,PhD,90529.47,736.0,10274.9,12,3,0,False,0
84,31.0,Male,Married,PhD,132026.52,506.0,23507.24,48,0,0,False,0
85,48.0,Male,Divorced,Bachelor,96737.12,687.0,37854.31,60,8,1,False,0
86,65.0,Female,Married,Master,49416.28,779.0,45371.4,60,5,10,True,1
87,32.0,Male,Single,Bachelor,69951.15,639.0,41933.25,24,7,9,True,1
88,25.0,Female,Married,Master,,639.0,,12,10,2,False,0
89,31.0,Female,Divorced,High School,95304.63,,22616.38,60,3,10,True,1
90,40.0,Male,Divorced,PhD,118715.63,460.0,10771.17,36,8,0,False,0
91,57.0,Female,Married,Bachelor,32853.57,839.0,13959.12,12,1,8,False,0
92,38.0,Female,Single,Master,135654.76,691.0,25673.8,12,8,9,True,1
93,33.0,Female,Single,High School,,833.0,4337.34,60,4,7,True,1
94,62.0,Male,Married,High School,68106.8,369.0,11690.54,36,5,4,False,0
95,35.0,Female,Married,PhD,23564.64,704.0,46833.53,24,2,10,True,0
96,64.0,Female,Divorced,Master,,816.0,23839.7,60,3,1,False,0
97,70.0,Female,Single,Bachelor,88355.64,419.0,22823.94,36,5,4,True,1
98,,Male,Married,PhD,86518.58,516.0,,12,6,5,True,1
99,43.0,Female,Single,Bachelor,41531.69,355.0,13122.59,36,0,0,True,0
100,42.0,Male,Married,High School,103946.27,665.0,43448.33,12,6,10,True,1
101,62.0,Male,Married,Bachelor,25821.2,803.0,9066.79,60,0,3,True,0
102,58.0,Male,Single,Bachelor,119047.89,,21341.12,60,4,8,False,0
103,46.0,Male,Married,PhD,143063.78,403.0,1702.21,48,5,1,True,1
104,32.0,Male,Married,Bachelor,64169.95,376.0,24438.44,48,1,4,True,0
105,62.0,Male,Divorced,PhD,87241.12,529.0,2030.03,48,9,0,False,1
106,18.0,Female,Married,High School,69258.34,557.0,41160.87,60,8,3,False,0
107,42.0,Male,Married,PhD,20872.35,,41417.83,24,9,3,False,1
108,,Female,Married,PhD,70163.69,630.0,39599.37,60,5,5,True,0
109,26.0,Female,Divorced,Master,122923.63,481.0,14884.84,36,6,9,True,0
110,41.0,Male,Single,Bachelor,97478.55,849.0,42024.62,60,9,8,False,0
111,18.0,Female,Divorced,High School,33163.79,326.0,27606.91,60,7,2,False,0
112,61.0,Female,Divorced,PhD,130128.13,575.0,19316.6,12,10,8,False,1
113,,Female,Single,High School,89041.09,598.0,31641.17,12,9,5,False,1
114,41.0,Female,Divorced,Master,129424.04,390.0,1604.71,12,0,6,True,0
115,28.0,Male,Single,Bachelor,95428.8,779.0,8005.08,60,7,9,True,0
116,68.0,Female,Divorced,PhD,92759.5,757.0,37372.38,24,3,1,True,0
117,34.0,Male,Single,Bachelor,33683.69,750.0,12963.92,36,9,10,True,0
118,25.0,Female,Married,Master,41756.77,664.0,30302.45,36,7,9,True,1
119,52.0,Female,Divorced,Master,146363.28,650.0,19870.03,24,5,5,False,1
120,52.0,Male,Divorced,High School,49703.28,699.0,42885.48,24,10,5,True,0
121,50.0,Female,Divorced,PhD,147068.78,,47668.35,36,8,1,False,1
122,22.0,Female,Divorced,High School,89148.65,758.0,44294.67,48,10,1,False,0
123,,Female,Married,Master,37652.58,798.0,14260.38,12,3,1,False,0
124,56.0,Male,Divorced,Bachelor,32909.29,,10513.98,12,1,9,True,0
125,58.0,Female,Married,High School,47152.33,,24247.31,36,1,0,False,0
126,45.0,Male,Married,High School,140332.85,800.0,1359.37,24,4,4,True,0
127,24.0,Female,Married,Bachelor,73839.53,465.0,2264.66,48,9,7,False,1
128,26.0,Male,Married,High School,71406.45,714.0,28111.24,36,8,1,True,0
129,25.0,Male,Single,Bachelor,,761.0,26502.02,12,2,4,False,0
130,29.0,Female,Single,PhD,39118.04,413.0,,60,7,7,True,1
131,51.0,Female,Divorced,Bachelor,83420.66,732.0,10890.25,24,3,9,False,1
132,50.0,Male,Single,PhD,36906.21,655.0,13647.09,60,5,4,False,0
133,65.0,Male,Single,Bachelor,128612.43,506.0,6563.49,36,9,1,False,0
134,40.0,Female,Divorced,Master,68151.61,534.0,45959.61,12,5,2,False,1
135,41.0,Male,Divorced,Master,68724.46,741.0,39112.75,48,2,5,True,0
136,54.0,Female,Divorced,PhD,81620.84,654.0,41294.62,60,4,10,True,1
137,52.0,Female,Single,PhD,,814.0,45235.43,48,2,10,True,1
138,61.0,Female,Single,Master,,507.0,26720.1,12,10,4,False,1
139,,Female,Divorced,PhD,90899.55,424.0,23108.47,60,10,10,False,0
140,,Male,Married,Bachelor,31466.22,,17189.18,48,0,3,False,0
141,44.0,Female,Divorced,Bachelor,98894.05,638.0,29871.52,48,6,3,False,0
142,52.0,Male,Married,Master,39705.96,836.0,23259.64,60,3,4,False,0
143,18.0,Female,Married,High School,24021.89,367.0,23126.71,12,6,1,False,0
144,52.0,Male,Divorced,Bachelor,146196.48,840.0,46909.47,48,2,8,True,1
145,54.0,Female,Divorced,PhD,,682.0,49217.54,36,10,1,True,0
146,64.0,Male,Divorced,High School,147414.17,318.0,40027.74,60,4,9,True,0
147,,Male,Single,High School,82124.2,749.0,38081.15,24,4,1,True,1
148,20.0,Female,Married,Bachelor,89193.48,373.0,34347.35,24,1,9,True,1
149,18.0,Female,Single,Bachelor,41883.8,575.0,9137.67,12,10,8,True,0
150,22.0,Female,Single,High School,52097.97,347.0,3896.19,36,9,2,True,1
151,43.0,Female,Divorced,High School,129011.4,,34845.59,48,1,9,True,0
152,31.0,Male,Single,Master,66304.13,839.0,36710.52,24,3,6,False,0
153,56.0,Female,Divorced,PhD,127485.95,490.0,3301.68,12,3,3,False,0
154,44.0,Male,Married,Master,112171.78,614.0,46474.54,36,3,5,False,0
155,26.0,Male,Divorced,Bachelor,43032.22,,5465.89,36,5,3,False,0
156,32.0,Female,Single,Master,85968.03,469.0,15009.13,12,1,9,False,1
157,32.0,Male,Single,Master,108060.35,767.0,33947.1,12,5,6,False,0
158,43.0,Male,Divorced,Master,50554.84,313.0,9323.76,48,6,0,False,0
159,59.0,Male,Divorced,Master,127989.51,587.0,3715.38,12,10,2,True,0
160,30.0,Male,Single,PhD,90827.6,488.0,17226.18,48,9,2,True,1
161,68.0,Female,Married,PhD,41481.47,454.0,38532.61,48,2,0,False,0
162,49.0,Female,Married,High School,95787.98,770.0,21270.26,60,10,5,True,0
163,56.0,Female,Divorced,Bachelor,149962.79,374.0,32995.67,36,7,10,True,0
164,66.0,Female,Married,Master,39567.79,,29401.34,36,1,8,True,1
165,69.0,Male,Single,High School,126178.4,642.0,,36,10,7,True,0
166,49.0,Male,Divorced,High School,46950.17,724.0,49438.46,60,7,10,True,0
167,21.0,Female,Single,High School,121710.48,810.0,3029.98,48,10,6,False,0
168,47.0,Female,Single,PhD,115495.13,481.0,48422.33,48,4,9,True,1
169,54.0,Female,Married,Master,59063.62,757.0,27943.34,12,1,7,False,0
170,40.0,Male,Divorced,Master,62357.01,,48194.79,60,6,5,False,0
171,56.0,Female,Divorced,Bachelor,,,6622.93,12,1,8,False,0
172,62.0,Female,Married,Master,79987.92,492.0,25030.02,60,5,2,True,1
173,32.0,Female,Single,Master,115006.34,705.0,9305.7,12,9,9,False,0
174,60.0,Male,Single,High School,39237.94,392.0,3497.77,24,2,9,False,0
175,46.0,Male,Single,Bachelor,130832.51,729.0,31258.93,36,8,8,False,1
176,53.0,Male,Single,Master,112415.01,733.0,11181.39,36,2,3,False,0
177,30.0,Male,Divorced,PhD,137902.57,703.0,29797.15,48,10,6,True,0
178,49.0,Male,Divorced,Master,37208.41,733.0,6505.86,24,2,8,False,0
179,24.0,Male,Married,High School,97091.89,411.0,17267.34,36,4,1,False,1
180,68.0,Male,Married,PhD,97885.68,674.0,39300.0,48,6,1,False,0
181,39.0,Male,Divorced,High School,65949.9,358.0,22415.52,24,7,8,False,0
182,45.0,Female,Divorced,Master,79600.64,342.0,31759.53,36,10,2,True,1
183,,Female,Single,PhD,24937.6,506.0,32725.44,12,6,8,False,1
184,59.0,Male,Single,Bachelor,116961.81,595.0,42344.0,60,8,4,False,1
185,62.0,Male,Married,Bachelor,91411.92,417.0,16921.22,24,4,5,False,0
186,70.0,Female,Divorced,PhD,27506.34,831.0,34677.48,48,9,1,False,0
187,23.0,Male,Married,PhD,108498.27,,48119.17,24,10,7,False,1
188,,Male,Divorced,High School,,465.0,36781.92,48,2,10,False,1
189,45.0,Male,Single,PhD,24479.96,455.0,25003.65,24,5,8,True,0
190,61.0,Female,Married,High School,146049.0,483.0,31905.15,48,4,1,False,0
191,61.0,Female,Married,Master,143384.58,389.0,37244.46,36,3,5,True,1
192,37.0,Female,Divorced,High School,,393.0,31001.51,12,1,5,True,1
193,47.0,Female,Single,PhD,32177.41,312.0,1817.11,36,6,7,False,1
194,28.0,Female,Married,PhD,118100.76,737.0,10543.9,12,4,9,True,0
195,45.0,Male,Single,Master,83951.04,837.0,40712.94,36,3,4,False,0
196,42.0,Female,Married,PhD,59318.17,449.0,14359.88,36,7,8,True,0
197,56.0,Male,Single,PhD,83884.36,307.0,36846.54,24,8,0,False,1
198,,Male,Divorced,Bachelor,87917.74,328.0,19233.89,60,8,8,True,1
199,18.0,Female,Married,Bachelor,93152.52,595.0,26572.33,48,2,9,True,1
200,44.0,Female,Married,Master,77359.08,639.0,4330.69,48,2,6,False,0
201,69.0,Male,Single,High School,98748.19,738.0,9880.05,48,4,3,True,0
202,30.0,Male,Single,Bachelor,139435.51,443.0,47902.65,12,4,2,True,0
203,58.0,Male,Married,High School,,818.0,44616.76,48,9,9,True,1
204,20.0,Female,Divorced,PhD,114343.14,344.0,,48,1,10,True,1
205,56.0,Female,Single,Bachelor,136278.83,538.0,23522.59,24,0,5,True,1
206,23.0,Female,Single,Master,79277.31,454.0,,36,7,0,False,0
207,25.0,Female,Single,Master,77649.26,480.0,31311.9,48,2,2,True,1
208,44.0,Female,Married,Master,98275.21,514.0,28859.06,60,0,1,True,0
209,26.0,Male,Married,Bachelor,96882.88,,3899.68,48,0,10,False,1
210,54.0,Female,Married,High School,124856.61,555.0,32007.33,12,10,8,False,1
211,50.0,Male,Married,PhD,,810.0,38677.08,12,1,2,False,0
212,68.0,Male,Divorced,High School,149495.98,,49710.0,12,5,1,True,1
213,59.0,Male,Divorced,High School,27731.3,478.0,1542.85,48,5,3,True,0
214,61.0,Female,Married,PhD,20411.82,511.0,36778.5,24,2,1,True,1
215,41.0,Female,Divorced,PhD,103225.78,533.0,29017.68,60,3,0,True,1
216,32.0,Female,Single,Bachelor,58796.54,764.0,22268.56,48,1,5,False,0
217,49.0,Male,Single,Bachelor,51249.71,522.0,7250.94,24,1,9,False,1
218,49.0,Male,Single,Bachelor,,,21045.17,24,6,7,True,1
219,41.0,Male,Married,Bachelor,53286.18,506.0,18364.48,48,0,9,True,1
220,58.0,Male,Single,Bachelor,24002.71,665.0,15838.66,48,6,9,True,0
221,69.0,Male,Divorced,PhD,146299.3,575.0,36813.1,24,0,1,True,0
222,66.0,Male,Married,High School,48696.91,679.0,35335.55,24,5,8,False,0
223,66.0,Female,Divorced,Bachelor,115423.87,608.0,29861.98,24,2,2,False,0
224,,Female,Single,Bachelor,119137.53,567.0,46994.58,48,7,7,True,1
225,29.0,Female,Single,High School,140803.46,363.0,18142.86,24,5,7,False,0
226,,Female,Single,Bachelor,23971.43,649.0,12946.29,12,10,2,True,0
227,19.0,Male,Married,High School,133366.28,793.0,33139.26,48,1,2,True,0
228,20.0,Male,Divorced,High School,88539.4,822.0,10741.89,12,7,5,False,0
229,66.0,Female,Married,PhD,102230.73,397.0,16435.51,36,4,0,True,0
230,54.0,Male,Married,Master,103781.14,370.0,12005.52,48,7,3,False,1
231,66.0,Female,Single,PhD,126573.71,663.0,4388.52,36,7,0,True,0
232,34.0,Female,Married,Master,63342.95,575.0,41547.44,24,5,2,False,0
233,66.0,Female,Married,Master,115296.65,349.0,13472.49,24,1,8,True,1
234,19.0,Male,Single,Master,88715.15,657.0,24178.35,60,7,4,False,0
235,19.0,Female,Married,Bachelor,123141.22,784.0,3122.45,24,10,4,True,0
236,45.0,Female,Single,PhD,148770.98,383.0,35267.63,36,5,10,True,1
237,40.0,Female,Single,Master,46084.63,595.0,17197.49,24,5,3,False,0
238,54.0,Male,Single,High School,149304.32,535.0,37492.1,48,7,2,True,0
239,49.0,Male,Single,Bachelor,31675.58,355.0,21207.75,24,0,4,False,1
240,50.0,Female,Married,PhD,20301.28,659.0,10592.02,60,1,10,False,0
241,,Male,Single,Master,25741.05,409.0,26145.58,24,8,3,True,0
242,36.0,Male,Single,High School,64431.71,491.0,7394.72,36,10,7,True,0
243,19.0,Male,Married,PhD,102277.82,392.0,22586.42,36,7,3,True,0
244,70.0,Male,Married,PhD,28973.84,359.0,16547.97,24,6,10,True,1
245,,Male,Divorced,Bachelor,20736.56,338.0,45686.02,36,6,7,False,1
246,43.0,Male,Married,PhD,141821.83,839.0,3985.51,36,4,5,True,0
247,49.0,Male,Married,Bachelor,126850.46,348.0,35006.85,60,1,10,True,1
248,23.0,Male,Divorced,Master,125193.81,719.0,9954.81,48,10,4,True,0
249,49.0,Male,Married,Bachelor,134975.16,312.0,16633.21,60,5,3,False,0
250,21.0,Male,Married,High School,111004.46,335.0,21360.19,12,9,3,True,0
251,28.0,Female,Married,Bachelor,33572.54,400.0,45492.74,60,2,3,False,0
252,34.0,Female,Married,High School,71883.02,,,24,3,10,True,1
253,55.0,Male,Divorced,Bachelor,114009.43,,5474.13,48,9,8,False,0
254,41.0,Female,Married,PhD,56443.48,522.0,16615.79,24,10,3,True,0
255,22.0,Female,Married,Master,109362.83,637.0,6129.12,12,1,8,True,1
256,69.0,Male,Divorced,High School,23184.8,465.0,7301.23,48,1,9,False,1
257,51.0,Male,Single,Bachelor,59797.85,682.0,,36,7,5,True,0
258,23.0,Male,Divorced,Bachelor,91386.94,675.0,3984.19,60,7,9,True,0
259,39.0,Female,Single,Bachelor,102171.68,770.0,2515.61,24,9,6,True,1
260,28.0,Female,Divorced,PhD,95015.29,,36006.29,12,5,9,False,1
261,65.0,Male,Divorced,PhD,110708.32,674.0,18720.71,36,4,2,True,0
262,33.0,Male,Married,High School,20791.54,310.0,7143.39,60,7,7,False,0
263,50.0,Male,Single,High School,33122.36,601.0,13427.03,36,3,2,False,0
264,26.0,Female,Married,PhD,,395.0,32462.24,60,10,0,False,0
265,23.0,Female,Single,High School,108627.32,489.0,14501.29,48,3,9,True,1
266,33.0,Female,Divorced,Master,34681.11,752.0,25231.54,36,4,4,False,0
267,46.0,Female,Divorced,Master,129469.68,491.0,6963.07,36,0,1,False,1
268,20.0,Male,Single,PhD,51490.06,,29816.59,36,0,9,True,1
269,37.0,Male,Married,High School,82173.78,565.0,,48,1,5,False,1
270,,Male,Married,Bachelor,38875.55,723.0,31721.45,12,7,9,False,1
271,36.0,Male,Married,Master,112314.31,427.0,40611.35,60,6,8,True,1
272,43.0,Female,Married,PhD,106691.07,537.0,30970.67,36,9,0,True,1
273,20.0,Female,Divorced,High School,47444.62,654.0,15491.63,48,8,3,False,0
274,36.0,Male,Divorced,PhD,132242.1,411.0,,12,4,0,True,1
275,37.0,Male,Divorced,Bachelor,72169.78,745.0,17043.63,60,1,0,True,0
276,49.0,Female,Divorced,Master,58026.96,642.0,9066.41,48,6,7,True,1
277,24.0,Male,Divorced,PhD,39802.85,444.0,9877.42,60,7,10,False,1
278,69.0,Female,Married,PhD,54601.84,364.0,39743.86,36,6,1,False,0
279,58.0,Male,Married,PhD,22863.5,546.0,19851.9,12,6,0,True,0
280,50.0,Male,Married,Bachelor,95823.47,789.0,22363.76,48,4,10,False,0
281,,Male,Married,PhD,129490.0,738.0,30108.42,12,1,7,True,0
282,56.0,Male,Divorced,Bachelor,91367.46,405.0,29893.02,36,5,3,True,0
283,35.0,Male,Divorced,Bachelor,48505.62,,4301.47,12,3,2,True,1
284,57.0,Male,Divorced,Bachelor,24376.99,483.0,41745.5,12,9,3,True,1
285,18.0,Male,Single,Master,47901.65,,9689.0,24,1,10,True,0
286,28.0,Female,Married,Master,74095.79,388.0,36430.51,12,8,4,False,1
287,45.0,Female,Married,PhD,118749.49,829.0,38860.88,60,6,0,False,0
288,42.0,Female,Divorced,PhD,44419.57,670.0,36030.08,48,5,10,False,1
289,67.0,Female,Married,Master,113572.89,698.0,29369.9,24,4,0,False,0
290,40.0,Female,Married,High School,132701.35,405.0,1715.84,48,2,2,True,0
291,48.0,Male,Divorced,Master,79013.09,570.0,18658.4,48,9,5,True,1
292,47.0,Male,Single,Bachelor,126786.16,802.0,30637.13,36,9,0,False,0
293,59.0,Female,Single,Master,92105.46,824.0,19985.11,36,3,10,False,0
294,52.0,Male,Single,Bachelor,102821.81,331.0,43310.51,24,2,1,True,0
295,,Female,Divorced,PhD,88416.2,692.0,16131.31,36,10,6,True,0
296,33.0,Female,Married,High School,80212.45,339.0,15383.2,36,7,0,True,0
297,43.0,Male,Divorced,PhD,50504.95,517.0,14033.89,36,2,6,False,0
298,65.0,Male,Divorced,Bachelor,59415.23,381.0,17306.26,48,6,3,True,0
299,69.0,Male,Married,Bachelor,57696.12,500.0,28312.84,24,6,9,True,1
300,66.0,Female,Single,Bachelor,93227.56,746.0,35643.75,48,6,5,False,1
301,19.0,Male,Single,High School,35593.98,727.0,33465.83,60,6,7,False,1
302,18.0,Female,Divorced,Master,139182.92,337.0,40578.17,48,1,8,False,1
303,65.0,Female,Single,PhD,113685.17,510.0,44409.79,60,9,5,True,1
304,29.0,Female,Divorced,PhD,72187.93,743.0,40987.87,12,2,10,True,0
305,22.0,Male,Divorced,Master,40621.14,626.0,1928.32,12,9,8,False,0
306,54.0,Male,Married,PhD,134658.98,526.0,37059.98,60,8,3,True,1
307,49.0,Female,Married,High School,127091.15,347.0,11211.58,60,2,5,True,1
308,26.0,Male,Married,PhD,113823.8,317.0,7513.47,48,1,7,True,1
309,58.0,Male,Divorced,Bachelor,55301.12,738.0,32285.95,60,8,8,False,1
310,52.0,Male,Married,Master,72318.06,486.0,16667.42,24,9,2,False,0
311,36.0,Female,Single,High School,33357.27,644.0,3798.74,12,8,1,True,0
312,65.0,Female,Single,Master,44575.14,523.0,7743.86,12,3,5,True,1
313,33.0,Male,Divorced,High School,121792.16,787.0,1045.54,60,8,3,True,0
314,20.0,Female,Divorced,Bachelor,,528.0,45257.96,36,2,0,True,0
315,37.0,Male,Married,Master,97153.15,689.0,,36,6,7,False,0
316,41.0,Male,Divorced,PhD,136444.47,487.0,11263.33,60,6,8,False,1
317,50.0,Male,Divorced,High School,95824.65,569.0,21396.88,24,10,8,True,1
318,41.0,Male,Single,Master,80705.84,609.0,18471.99,36,7,1,True,0
319,69.0,Female,Single,PhD,64248.2,431.0,45674.57,60,9,8,False,0
320,28.0,Female,Married,Master,142258.31,850.0,2974.16,24,3,6,True,0
321,66.0,Female,Divorced,Master,30753.01,371.0,26098.52,24,2,4,False,1
322,25.0,Male,Divorced,Master,141015.36,486.0,34343.49,48,2,6,True,1
323,53.0,Male,Single,High School,127472.91,785.0,46653.2,24,4,8,False,0
324,55.0,Male,Divorced,PhD,36890.89,490.0,31398.19,36,10,7,True,1
325,57.0,Female,Single,Bachelor,93447.97,721.0,40384.01,36,0,5,True,1
326,37.0,Male,Married,High School,132651.24,419.0,,60,9,3,False,0
327,52.0,Female,Single,High School,94335.19,519.0,19911.04,60,2,0,False,0
328,65.0,Female,Divorced,High School,137935.98,352.0,,24,5,5,True,1
329,42.0,Female,Married,Bachelor,142587.9,750.0,44428.12,12,2,2,True,0
330,,Female,Single,PhD,74909.99,711.0,8417.19,48,4,5,False,0
331,,Female,Single,PhD,69050.78,536.0,8442.42,12,8,5,False,0
332,,Female,Married,PhD,141721.75,705.0,17099.35,24,1,3,True,0
333,35.0,Male,Married,Master,107768.21,721.0,3668.84,24,10,1,True,0
334,63.0,Male,Single,Master,35082.95,546.0,9940.44,12,1,8,False,0
335,35.0,Female,Divorced,Master,25497.93,371.0,48295.27,48,5,1,False,0
336,19.0,Female,Single,Bachelor,93401.78,484.0,21981.01,12,5,2,False,1
337,52.0,Male,Married,Master,140922.23,305.0,31968.94,60,10,9,False,0
338,33.0,Female,Single,Bachelor,129752.33,,36579.45,36,10,0,False,1
339,58.0,Female,Married,PhD,107860.21,843.0,18981.11,60,7,6,True,0
340,,Male,Married,Master,38085.06,686.0,8214.13,36,10,0,True,0
341,50.0,Female,Divorced,Master,53050.08,375.0,11122.47,24,1,10,False,0
342,21.0,Female,Married,High School,133816.46,476.0,16350.06,48,8,8,True,1
343,50.0,Female,Married,Bachelor,43764.94,648.0,32167.35,12,1,10,True,1
344,,Male,Divorced,PhD,56197.12,,20515.75,48,0,10,False,1
345,38.0,Male,Married,High School,36848.08,607.0,1333.92,12,9,0,True,0
346,65.0,Male,Divorced,High School,107894.07,644.0,26646.95,60,1,4,True,1
347,37.0,Female,Divorced,PhD,142717.7,426.0,46154.16,60,6,6,True,1
348,,Female,Married,High School,54965.84,586.0,40791.8,12,7,2,False,1
349,24.0,Male,Married,Bachelor,81802.86,786.0,41435.36,48,4,8,False,1
350,20.0,Female,Single,Bachelor,102464.17,682.0,39957.84,12,5,7,True,0
351,34.0,Female,Divorced,Master,149930.61,705.0,16862.81,24,0,2,True,0
352,50.0,Female,Single,High School,33625.05,687.0,38494.5,60,5,4,True,1
353,65.0,Female,Married,Master,84814.2,824.0,8014.91,24,7,6,True,1
354,,Female,Single,High School,70065.62,575.0,33228.09,60,2,3,True,1
355,68.0,Male,Divorced,Bachelor,132556.62,799.0,32436.86,60,10,4,True,0
356,39.0,Female,Single,Bachelor,81875.81,636.0,2252.92,36,0,2,False,0
357,39.0,Male,Divorced,Bachelor,34427.08,780.0,39610.54,24,10,8,True,1
358,63.0,Female,Married,High School,102475.14,572.0,45259.16,24,3,9,True,1
359,47.0,Male,Married,Bachelor,120201.48,357.0,14103.35,36,0,8,False,1
360,55.0,Female,Divorced,High School,,627.0,40807.15,48,7,6,True,1
361,55.0,Male,Married,Master,131664.37,408.0,5037.89,24,4,9,True,1
362,62.0,Female,Married,High School,,578.0,,12,0,1,True,1
363,68.0,Male,Married,Master,91769.02,627.0,24796.7,36,7,6,True,1
364,25.0,Female,Married,High School,74053.68,614.0,27750.25,24,8,6,False,0
365,44.0,Male,Divorced,Master,113555.0,,46384.05,48,9,10,True,0
366,44.0,Female,Single,Bachelor,,410.0,43694.45,24,1,4,False,1
367,51.0,Male,Single,Master,133069.21,528.0,39469.1,60,8,8,True,1
368,38.0,Male,Married,Bachelor,114964.53,796.0,14411.22,12,7,10,True,0
369,47.0,Female,Single,Bachelor,,455.0,45679.11,36,6,2,False,0
370,50.0,Female,Single,Master,123511.28,772.0,5777.88,60,2,3,True,0
371,45.0,Male,Married,High School,118022.99,571.0,,48,1,0,False,0
372,64.0,Female,Married,High School,24672.03,301.0,17079.84,60,6,5,False,1
373,50.0,Male,Single,PhD,71315.47,810.0,3634.84,60,4,3,False,0
374,22.0,Male,Divorced,High School,141004.95,585.0,33798.49,48,5,0,True,1
375,65.0,Male,Married,PhD,36344.15,312.0,12332.72,60,3,1,True,0
376,36.0,Female,Divorced,High School,115822.55,797.0,12934.99,36,1,2,True,0
377,21.0,Male,Single,High School,146696.94,537.0,,24,8,8,True,1
378,52.0,Male,Married,Bachelor,26785.82,393.0,4120.55,60,2,7,False,0
379,66.0,Female,Divorced,PhD,108685.2,,9679.23,36,6,6,True,1
380,34.0,Female,Married,High School,80860.04,470.0,1251.84,24,7,10,True,1
381,61.0,Female,Single,PhD,95292.78,766.0,22825.07,24,1,3,False,0
382,45.0,Female,Divorced,Bachelor,31094.37,442.0,5128.51,60,5,0,False,0
383,47.0,Male,Single,Bachelor,25590.9,500.0,34449.98,36,10,7,True,1
384,46.0,Male,Single,PhD,106692.67,479.0,12545.52,60,7,3,False,1
385,63.0,Male,Married,Bachelor,127030.23,663.0,47235.13,48,6,2,False,0
386,70.0,Male,Divorced,Master,121661.99,778.0,43691.33,24,10,8,False,1
387,23.0,Female,Single,Master,90694.74,770.0,15182.6,60,2,9,False,0
388,,Male,Single,Bachelor,32982.69,683.0,39377.56,24,0,3,False,0
389,58.0,Male,Divorced,Master,109445.78,716.0,40359.0,36,5,3,True,0
390,54.0,Female,Single,High School,,607.0,49341.59,12,7,8,True,1
391,41.0,Male,Single,PhD,138438.93,666.0,30294.16,60,5,10,True,1
392,46.0,Male,Divorced,High School,128974.5,300.0,5016.32,60,4,1,True,1
393,66.0,Male,Divorced,PhD,112219.79,343.0,32695.02,24,10,4,True,1
394,63.0,Male,Divorced,Bachelor,143349.97,397.0,31624.01,36,7,3,True,1
395,70.0,Male,Divorced,High School,24084.84,,32279.18,48,1,8,True,1
396,48.0,Male,Married,Bachelor,115706.06,439.0,16050.14,36,0,4,False,0
397,52.0,Female,Divorced,Bachelor,62931.56,780.0,43124.3,60,0,8,True,1
398,50.0,Female,Married,PhD,137788.57,,48014.14,48,3,10,True,1
399,,Male,Married,PhD,54667.78,,11667.91,36,5,8,True,1
400,38.0,Male,Married,PhD,114231.34,489.0,5319.46,12,8,1,False,0
401,49.0,Female,Single,High School,134094.11,567.0,10532.22,24,0,8,True,0
402,40.0,Male,Married,Master,25415.39,620.0,41207.05,36,0,2,True,1
403,50.0,Male,Married,PhD,71694.19,406.0,34155.59,36,4,3,False,1
404,20.0,Male,Single,PhD,119100.17,531.0,32166.32,12,9,0,True,1
405,35.0,Female,Single,High School,79139.46,341.0,20687.86,60,4,0,True,1
406,42.0,Male,Single,PhD,54742.84,438.0,29313.57,24,4,0,False,0
407,59.0,Female,Divorced,High School,48574.7,572.0,,36,9,8,True,1
408,48.0,Male,Single,Bachelor,37097.37,780.0,24382.8,48,5,10,False,0
409,20.0,Female,Single,PhD,,715.0,39860.09,36,7,7,True,0
410,57.0,Female,Married,PhD,94796.2,805.0,49080.84,24,2,4,True,1
411,63.0,Male,Single,Bachelor,29930.04,723.0,46691.96,36,8,4,True,0
412,41.0,Female,Divorced,Bachelor,69735.44,706.0,46759.43,12,0,8,False,1
413,67.0,Male,Single,Bachelor,67805.37,689.0,20708.96,36,3,2,False,0
414,49.0,Female,Divorced,PhD,43626.09,,23970.7,36,8,2,False,0
415,64.0,Male,Single,Master,76615.99,792.0,35576.13,48,7,6,True,1
416,39.0,Male,Single,Master,63172.92,,46187.4,12,9,8,True,1
417,40.0,Female,Single,Master,64434.48,798.0,7957.72,12,8,5,False,1
418,19.0,Male,Single,PhD,116073.45,532.0,15907.85,36,0,1,False,1
419,44.0,Male,Divorced,Bachelor,49024.24,526.0,7823.1,48,8,0,True,0
420,59.0,Female,Divorced,PhD,103441.79,670.0,30988.42,36,2,1,True,1
421,19.0,Male,Married,Bachelor,,438.0,16008.75,36,10,0,True,1
422,43.0,Male,Divorced,PhD,93852.03,448.0,16979.28,24,9,9,True,1
423,34.0,Female,Single,PhD,106190.95,414.0,4474.88,24,8,9,False,0
424,57.0,Female,Married,Bachelor,91289.66,749.0,18140.01,48,0,8,True,0
425,50.0,Male,Married,Master,134303.16,362.0,43262.33,60,0,9,True,1
426,,Male,Married,Bachelor,107825.41,403.0,12420.57,24,8,7,True,1
427,60.0,Female,Single,High School,,572.0,35064.19,60,10,6,True,1
428,65.0,Female,Divorced,High School,127869.21,305.0,31851.79,12,5,2,True,1
429,56.0,Male,Single,Bachelor,,446.0,,24,3,7,True,1
430,46.0,Female,Married,PhD,57848.75,483.0,7482.11,24,6,1,True,1
431,59.0,Male,Single,High School,46922.34,327.0,48901.91,48,4,1,False,1
432,43.0,Male,Single,High School,39802.61,849.0,29548.8,60,9,10,False,0
433,52.0,Male,Divorced,PhD,136929.18,418.0,49778.23,24,6,9,False,1
434,67.0,Male,Divorced,PhD,112317.61,,45664.22,24,7,2,True,1
435,42.0,Male,Married,Master,141859.2,670.0,11854.35,48,7,6,False,0
436,41.0,Female,Single,PhD,,543.0,3751.94,48,0,0,True,1
437,30.0,Female,Single,Bachelor,,517.0,13526.32,60,7,7,True,0
438,24.0,Female,Divorced,Bachelor,27763.14,476.0,26850.62,12,5,6,True,1
439,53.0,Female,Single,Master,107313.5,598.0,9408.22,12,3,3,True,1
440,62.0,Male,Single,High School,95687.14,357.0,9205.53,36,7,4,False,0
441,37.0,Male,Single,High School,148727.16,568.0,23667.08,24,2,9,True,1
442,,Male,Divorced,PhD,51090.64,607.0,2630.13,60,3,0,True,0
443,25.0,Male,Married,Bachelor,88995.86,587.0,,24,5,3,False,0
444,63.0,Female,Married,High School,104624.45,404.0,21377.21,60,10,0,False,0
445,33.0,Male,Single,Master,103796.85,527.0,4093.37,60,6,0,False,0
446,31.0,Male,Married,Master,92968.16,546.0,20441.0,60,3,9,True,0
447,29.0,Female,Divorced,Bachelor,121000.64,793.0,,24,3,0,False,0
448,68.0,Female,Divorced,Master,46647.56,382.0,23112.06,48,6,6,True,1
449,40.0,Female,Married,Master,,,43589.57,24,5,6,True,1
450,32.0,Female,Married,Bachelor,100565.49,551.0,26973.06,60,10,3,False,0
451,45.0,Male,Single,PhD,136489.76,654.0,23931.04,36,7,1,False,0
452,51.0,Male,Married,PhD,130135.28,509.0,21124.75,12,0,2,False,1
453,,Female,Single,Master,60969.12,746.0,41063.55,60,9,7,True,0
454,49.0,Male,Single,PhD,55910.85,759.0,44857.77,36,10,7,True,1
455,,Male,Divorced,PhD,147614.93,771.0,42808.88,48,6,10,True,1
456,39.0,Male,Divorced,Master,88544.47,,34003.78,60,6,10,True,1
457,68.0,Female,Divorced,PhD,,791.0,7730.73,36,10,5,True,0
458,42.0,Male,Divorced,Master,41304.53,436.0,14566.63,60,6,9,True,1
459,39.0,Female,Married,High School,103566.46,666.0,3257.09,24,6,8,False,0
460,39.0,Male,Divorced,Bachelor,125281.82,483.0,,36,9,10,True,1
461,66.0,Male,Married,Bachelor,143161.38,586.0,,24,9,8,False,1
462,69.0,Male,Divorced,PhD,63854.22,771.0,37571.78,24,7,3,False,0
463,59.0,Female,Married,PhD,114247.55,674.0,16267.02,36,8,0,False,0
464,23.0,Male,Single,PhD,90045.69,836.0,,12,8,0,False,0
465,32.0,Female,Married,Bachelor,27881.76,810.0,13720.56,36,1,9,False,0
466,60.0,Female,Married,High School,109699.97,549.0,1080.54,12,6,4,True,0
467,54.0,Female,Divorced,High School,109712.55,,19444.33,60,6,1,True,0
468,50.0,Male,Married,Bachelor,140978.88,372.0,28967.31,60,3,5,True,0
469,25.0,Male,Single,High School,84650.62,581.0,24456.54,36,8,6,True,0
470,70.0,Male,Single,Bachelor,49932.62,,,60,7,0,False,0
471,61.0,Male,Divorced,High School,25793.3,309.0,6164.86,48,0,5,False,1
472,61.0,Female,Single,Master,,510.0,28137.35,24,1,7,False,0
473,22.0,Female,Married,Master,59249.17,451.0,26135.99,24,1,4,True,0
474,56.0,Female,Single,Bachelor,118941.48,304.0,14788.26,12,10,6,True,1
475,21.0,Male,Divorced,High School,66054.81,494.0,41289.18,60,7,9,True,1
476,23.0,Female,Married,PhD,143379.26,582.0,37889.58,12,0,5,True,1
477,62.0,Male,Divorced,High School,,763.0,,24,3,3,False,1
478,49.0,Female,Married,Master,100718.12,412.0,43933.43,24,9,6,False,1
479,69.0,Male,Single,Master,,570.0,36416.45,60,4,9,True,0
480,47.0,Male,Divorced,High School,118911.06,462.0,12360.22,48,8,8,True,0
481,64.0,Female,Divorced,High School,91091.75,759.0,35572.57,48,6,9,False,0
482,52.0,Female,Married,PhD,43440.03,,16077.44,60,7,9,False,1
483,57.0,Female,Divorced,PhD,79617.73,581.0,12866.56,60,10,6,False,1
484,69.0,Female,Married,High School,92913.68,461.0,4577.18,12,8,4,False,0
485,33.0,Male,Married,High School,132315.01,650.0,37457.4,60,6,6,True,1
486,30.0,Female,Married,High School,82573.34,733.0,35839.05,48,4,2,False,0
487,67.0,Female,Married,High School,136697.71,439.0,12490.47,60,4,1,False,0
488,59.0,Female,Single,Bachelor,107665.37,770.0,37719.57,12,9,10,False,0
489,47.0,Male,Married,High School,37809.88,431.0,45974.2,12,10,4,False,1
490,36.0,Male,Divorced,PhD,149347.58,386.0,6293.42,12,5,3,True,0
491,34.0,Female,Single,Master,,482.0,12399.2,12,4,4,True,1
492,36.0,Male,Divorced,Bachelor,70941.58,667.0,37762.78,36,10,7,True,1
493,45.0,Female,Single,High School,105684.79,428.0,14450.83,60,8,3,True,1
494,43.0,Male,Married,Master,34156.13,545.0,31608.53,24,2,8,True,1
495,54.0,Male,Single,Bachelor,102750.02,677.0,4977.05,60,2,6,True,0
496,43.0,Male,Single,Master,84770.68,448.0,23157.92,36,6,9,False,1
497,70.0,Male,Divorced,High School,72867.63,732.0,37215.48,12,6,6,False,1
498,40.0,Female,Divorced,High School,143892.6,768.0,34639.18,36,5,7,False,1
499,26.0,Female,Married,PhD,87930.16,745.0,40938.53,48,2,5,False,0
500,29.0,Female,Single,High School,48485.27,780.0,43995.15,48,6,7,True,1
501,70.0,Male,Single,High School,79665.25,593.0,,60,4,2,False,0
502,18.0,Female,Single,Bachelor,139520.36,442.0,33907.8,60,6,9,True,0
503,18.0,Female,Married,PhD,42892.41,549.0,2554.4,24,1,9,False,1
504,64.0,Female,Married,Bachelor,47814.42,601.0,27213.37,24,5,0,False,0
505,51.0,Male,Married,Master,21693.84,324.0,2847.19,48,7,5,False,0
506,49.0,Male,Married,High School,21844.71,369.0,40595.32,12,0,0,True,1
507,65.0,Male,Married,Master,127820.91,411.0,16715.5,36,3,8,False,0
508,42.0,Female,Divorced,Bachelor,115175.94,663.0,,24,10,1,True,0
509,57.0,Female,Single,High School,66155.34,,14692.82,24,0,10,True,1
510,,Female,Single,High School,110780.45,770.0,39342.51,12,0,1,False,0
511,70.0,Male,Single,Bachelor,71376.77,390.0,44438.62,12,9,6,True,1
512,18.0,Male,Single,Bachelor,143876.58,829.0,20533.48,60,10,1,True,1
513,33.0,Female,Single,Bachelor,145716.85,491.0,43283.2,36,7,9,False,1
514,56.0,Male,Single,Bachelor,71063.19,541.0,14086.68,12,6,7,False,1
515,22.0,Male,Single,Bachelor,131048.85,437.0,27198.39,24,9,5,False,1
516,39.0,Male,Single,High School,120501.58,644.0,43079.31,24,0,6,False,1
517,46.0,Male,Divorced,Bachelor,60299.99,479.0,16968.19,48,10,6,False,0
518,20.0,Female,Single,High School,50165.18,802.0,47748.07,12,1,5,False,0
519,29.0,Male,Divorced,High School,79570.5,502.0,6972.1,60,3,9,True,1
520,,Male,Married,Bachelor,121575.35,491.0,1895.48,36,0,10,False,0
521,33.0,Male,Single,Bachelor,144821.81,304.0,45302.63,60,2,8,False,1
522,68.0,Male,Married,PhD,119265.28,536.0,,24,7,8,True,0
523,54.0,Female,Married,High School,131176.91,610.0,49602.57,60,7,6,False,0
524,39.0,Female,Married,Bachelor,98398.36,848.0,47618.45,24,7,8,True,0
525,46.0,Male,Divorced,Bachelor,128603.02,355.0,7714.02,24,5,9,False,0
526,31.0,Male,Married,Bachelor,121974.71,742.0,27341.65,24,5,2,False,0
527,45.0,Male,Married,PhD,,536.0,10061.09,24,4,2,True,1
528,22.0,Male,Married,PhD,91758.74,496.0,21979.6,24,8,0,False,0
529,64.0,Male,Single,Master,124617.91,813.0,4009.83,48,3,4,True,0
530,66.0,Male,Single,High School,25987.38,748.0,11972.3,60,9,3,False,0
531,47.0,Female,Divorced,Master,125050.31,659.0,18800.37,48,6,1,False,0
532,63.0,Male,Divorced,Bachelor,43125.46,329.0,22493.73,48,0,8,True,0
533,69.0,Female,Single,PhD,86908.87,407.0,48897.32,12,8,2,False,1
534,22.0,Female,Divorced,PhD,125075.81,744.0,40585.42,12,6,7,False,0
535,29.0,Male,Single,Master,52996.74,737.0,37133.09,12,9,5,True,0
536,33.0,Female,Married,PhD,,756.0,27315.02,36,8,4,False,1
537,43.0,Female,Married,Bachelor,,794.0,42159.89,12,6,0,True,0
538,,Female,Divorced,PhD,136303.56,546.0,17626.82,60,1,3,False,1
539,65.0,Female,Single,Master,20057.56,842.0,,48,5,2,True,0
540,38.0,Female,Single,Bachelor,137179.8,738.0,49695.41,60,9,0,False,0
541,56.0,Female,Divorced,Master,39994.91,,16416.82,12,10,4,True,1
542,53.0,Male,Single,PhD,148711.23,410.0,34026.86,36,3,5,True,1
543,50.0,Female,Married,Master,,684.0,42371.43,36,2,1,False,0
544,47.0,Female,Divorced,Master,84307.77,490.0,45874.57,48,1,2,False,1
545,54.0,Female,Divorced,High School,86653.63,789.0,36178.7,60,5,10,True,1
546,40.0,Male,Single,PhD,82601.41,725.0,14896.79,24,7,5,False,0
547,27.0,Female,Divorced,PhD,102607.67,704.0,,60,5,3,True,0
548,22.0,Male,Single,Master,31793.82,634.0,2017.14,12,8,8,False,0
549,53.0,Female,Single,High School,24240.33,508.0,,24,4,4,False,0
550,51.0,Male,Single,PhD,27501.38,321.0,3094.24,36,1,3,True,0
551,69.0,Male,Single,Bachelor,77767.5,507.0,43367.97,48,7,1,True,1
552,48.0,Female,Single,Master,55821.23,307.0,6814.37,48,8,5,False,1
553,27.0,Female,Divorced,PhD,100865.14,828.0,9421.95,36,9,9,False,0
554,36.0,Male,Married,Bachelor,149017.5,465.0,24349.8,12,3,1,False,0
555,49.0,Female,Married,PhD,70222.01,795.0,,36,5,6,False,0
556,18.0,Male,Divorced,Bachelor,94599.36,728.0,7811.11,12,10,2,False,0
557,,Male,Divorced,Master,74028.51,462.0,22563.48,24,9,8,True,1
558,62.0,Male,Married,PhD,130145.32,665.0,24659.71,36,7,10,False,1
559,21.0,Male,Married,PhD,137290.73,825.0,11402.0,12,8,4,False,0
560,,Male,Married,High School,134056.23,538.0,6662.36,24,4,7,True,0
561,41.0,Female,Married,Master,146668.39,,41984.63,36,5,10,True,1
562,33.0,Male,Married,Bachelor,23577.49,744.0,25620.82,48,10,5,True,1
563,19.0,Male,Single,PhD,129176.1,,1704.68,36,3,9,False,0
564,66.0,Female,Divorced,PhD,117730.38,568.0,40346.08,60,4,7,True,1
565,45.0,Male,Single,Bachelor,,714.0,49058.9,36,6,10,True,0
566,49.0,Female,Married,Master,144321.61,544.0,30690.38,60,8,2,True,1
567,44.0,Female,Married,High School,39263.13,359.0,25681.71,24,9,2,True,0
568,37.0,Female,Married,High School,,305.0,44042.38,36,10,4,False,1
569,41.0,Male,Single,PhD,49235.73,706.0,47673.32,24,5,10,False,1
570,29.0,Male,Single,Bachelor,76079.48,516.0,37972.31,24,5,9,False,1
571,67.0,Male,Married,PhD,113490.79,325.0,,12,7,2,True,1
572,52.0,Female,Single,Bachelor,,304.0,,24,10,7,True,1
573,50.0,Male,Single,High School,75575.24,831.0,35345.83,24,3,9,True,1
574,50.0,Female,Married,Master,62424.0,689.0,10519.4,36,2,7,True,1
575,68.0,Male,Single,Bachelor,129155.76,747.0,22912.85,36,6,1,True,0
576,60.0,Female,Divorced,High School,38695.87,445.0,,48,4,3,True,1
577,54.0,Male,Divorced,PhD,75913.37,687.0,33081.54,12,1,9,False,1
578,29.0,Male,Divorced,Bachelor,137488.48,548.0,21149.0,24,1,0,False,1
579,20.0,Male,Divorced,Master,129960.44,825.0,33504.76,12,10,3,True,0
580,18.0,Female,Married,PhD,72122.43,761.0,6792.9,60,5,10,False,1
581,50.0,Female,Married,PhD,119204.09,312.0,20673.38,24,7,3,True,1
582,57.0,Male,Married,High School,127010.91,,39863.3,12,0,9,True,0
583,,Male,Divorced,Bachelor,135555.37,698.0,11804.93,48,10,8,False,0
584,60.0,Female,Divorced,PhD,90785.75,318.0,10112.11,48,5,2,True,0
585,61.0,Female,Single,Master,46579.92,790.0,47590.11,24,1,1,False,1
586,46.0,Female,Single,Bachelor,53190.18,718.0,11284.98,60,1,8,True,1
587,30.0,Male,Divorced,Master,58440.31,636.0,13785.01,48,6,8,True,0
588,,Female,Divorced,PhD,97194.32,718.0,48511.18,48,9,0,False,0
589,48.0,Male,Divorced,Master,24265.25,421.0,37000.72,60,0,5,True,1
590,63.0,Female,Divorced,High School,102685.52,731.0,35280.23,12,5,9,True,1
591,19.0,Male,Single,Master,67366.05,343.0,42793.39,48,6,7,True,1
592,68.0,Female,Divorced,Bachelor,58381.43,,6675.33,36,7,2,False,0
593,67.0,Female,Single,Master,134334.55,680.0,35591.86,48,6,10,True,0
594,52.0,Female,Divorced,Master,79800.31,444.0,25680.74,12,5,8,True,1
595,40.0,Female,Divorced,High School,32356.9,626.0,41628.38,12,8,1,True,1
596,34.0,Female,Divorced,Master,127477.08,662.0,25898.94,24,2,5,False,0
597,43.0,Male,Single,Master,26193.36,349.0,31391.83,36,10,0,False,1
598,25.0,Female,Single,PhD,114477.4,364.0,24409.36,12,5,6,False,0
599,46.0,Female,Married,PhD,120607.81,654.0,24429.79,60,3,2,False,0
600,43.0,Female,Divorced,Bachelor,65838.34,463.0,38630.53,36,1,6,False,0
601,27.0,Male,Married,PhD,127222.42,440.0,31799.75,36,0,3,True,0
602,43.0,Female,Married,PhD,87035.72,427.0,32029.9,60,0,8,False,1
603,,Male,Single,PhD,80228.17,697.0,23063.84,48,10,4,False,0
604,68.0,Female,Single,PhD,25902.43,762.0,27024.37,60,9,2,True,0
605,58.0,Female,Married,High School,57703.8,486.0,37540.17,60,2,7,False,0
606,24.0,Male,Divorced,PhD,141031.3,489.0,,48,3,5,True,1
607,21.0,Female,Single,High School,70937.12,687.0,35131.51,48,1,1,False,0
608,70.0,Male,Divorced,High School,91071.07,728.0,46279.58,48,10,2,True,1
609,67.0,Male,Divorced,PhD,89162.82,583.0,41195.88,48,10,7,True,1
610,62.0,Female,Married,Master,96756.04,536.0,28531.33,48,10,9,False,0
611,28.0,Male,Married,High School,27973.02,493.0,33898.9,60,0,6,False,1
612,46.0,Female,Married,Master,67082.91,586.0,46389.11,24,3,9,True,0
613,53.0,Female,Married,Master,114006.68,435.0,31339.23,24,6,5,True,1
614,42.0,Male,Single,PhD,46072.83,470.0,41415.54,12,9,0,True,1
615,38.0,Male,Single,Bachelor,46465.19,458.0,34751.71,24,10,8,True,1
616,53.0,Male,Married,PhD,21311.78,500.0,28044.88,24,5,2,True,0
617,27.0,Male,Single,Bachelor,76872.65,786.0,12850.07,60,5,4,True,0
618,54.0,Female,Married,Bachelor,134755.47,803.0,21873.88,48,10,6,True,1
619,26.0,Female,Divorced,PhD,,670.0,48419.4,48,8,6,False,0
620,41.0,Male,Divorced,PhD,44845.43,402.0,33230.5,60,1,2,True,0
621,52.0,Female,Divorced,Bachelor,60310.99,424.0,28655.37,24,3,3,False,1
622,66.0,Female,Married,PhD,115124.22,612.0,46714.87,60,4,9,False,0
623,52.0,Female,Divorced,Bachelor,103282.63,757.0,29739.08,12,0,6,True,0
624,65.0,Female,Single,Master,74072.71,529.0,26778.04,48,7,7,True,1
625,,Male,Divorced,PhD,118678.96,496.0,38206.23,36,7,1,False,0
626,35.0,Male,Divorced,Master,99252.03,722.0,35920.62,12,5,8,True,1
627,66.0,Female,Divorced,High School,136485.3,,10464.84,12,4,6,True,1
628,56.0,Male,Single,Master,126343.48,681.0,24094.11,60,7,7,False,1
629,49.0,Male,Married,Master,52865.77,472.0,24153.26,24,2,5,False,0
630,,Male,Single,Bachelor,55287.02,752.0,19533.0,48,2,5,False,1
631,40.0,Female,Married,Master,36296.34,649.0,26347.38,36,1,8,True,1
632,49.0,Female,Married,PhD,63805.41,793.0,21242.26,12,4,3,True,0
633,54.0,Female,Divorced,Bachelor,149940.71,303.0,10767.93,36,2,10,False,0
634,29.0,Male,Married,High School,72747.65,392.0,21205.96,24,2,10,True,0
635,66.0,Female,Single,PhD,48663.5,,4541.57,24,5,4,False,1
636,30.0,Female,Single,High School,119122.77,587.0,29213.51,36,7,8,True,1
637,40.0,Male,Married,Master,90521.23,445.0,,48,1,0,False,1
638,42.0,Female,Divorced,PhD,39448.19,723.0,36539.07,24,3,3,True,0
639,52.0,Female,Divorced,PhD,69489.66,756.0,18659.31,36,10,6,False,1
640,58.0,Male,Single,High School,73881.06,501.0,5266.49,12,6,10,True,1
641,47.0,Male,Divorced,PhD,117997.86,511.0,10905.32,36,0,8,True,1
642,34.0,Male,Married,PhD,22687.28,305.0,27729.03,36,0,10,False,1
643,66.0,Female,Married,PhD,54972.55,675.0,11145.8,60,9,9,True,0
644,37.0,Female,Single,Master,87287.52,746.0,,24,6,5,True,0
645,65.0,Female,Married,High School,54950.08,405.0,12348.35,48,6,7,False,0
646,42.0,Male,Single,PhD,,700.0,42597.27,48,0,8,True,0
647,39.0,Male,Married,Bachelor,82642.77,395.0,20466.3,60,0,9,True,1
648,30.0,Female,Single,Bachelor,67022.33,687.0,13031.98,48,3,3,True,0
649,36.0,Female,Divorced,Bachelor,143397.12,751.0,40803.98,36,4,0,False,0
650,66.0,Male,Married,Bachelor,,715.0,17799.11,60,4,7,False,0
651,53.0,Male,Married,Master,,,6462.9,12,3,1,False,0
652,29.0,Male,Single,PhD,92811.92,753.0,,24,7,10,False,0
653,58.0,Male,Single,High School,121495.14,590.0,29496.65,24,6,0,False,0
654,36.0,Female,Married,PhD,112103.66,833.0,36020.09,24,8,6,True,0
655,29.0,Male,Single,Master,42371.6,492.0,12770.75,36,6,9,True,0
656,26.0,Female,Married,Bachelor,146414.6,449.0,22744.8,12,9,8,False,0
657,24.0,Female,Divorced,Master,,814.0,14836.03,60,0,10,True,0
658,45.0,Female,Single,PhD,40673.25,692.0,4966.73,60,6,8,True,0
659,31.0,Male,Married,High School,43425.45,615.0,43954.08,24,0,2,True,1
660,48.0,Male,Divorced,Master,32770.55,375.0,36714.62,12,6,5,True,1
661,69.0,Male,Divorced,High School,124457.35,569.0,15771.69,12,9,6,False,0
662,36.0,Male,Married,Master,35863.96,524.0,30369.28,12,7,9,False,1
663,64.0,Female,Single,High School,36266.28,829.0,10861.93,48,10,8,True,0
664,33.0,Male,Married,High School,130561.31,412.0,44621.59,48,8,1,True,1
665,70.0,Male,Divorced,Bachelor,64798.53,550.0,6630.41,24,2,7,False,0
666,22.0,Female,Married,High School,24011.53,532.0,1188.02,12,3,6,True,1
667,52.0,Male,Single,Bachelor,26746.39,382.0,25598.4,12,3,3,True,1
668,29.0,Female,Divorced,PhD,38482.16,424.0,29573.26,60,8,1,True,0
669,42.0,Female,Married,PhD,47741.14,474.0,29369.3,60,6,7,False,0
670,69.0,Female,Single,Bachelor,106469.01,368.0,3671.08,24,2,10,False,0
671,38.0,Female,Divorced,Bachelor,40452.42,346.0,16388.15,12,9,4,True,1
672,,Female,Single,Master,35453.67,555.0,25460.75,24,4,5,True,1
673,70.0,Female,Divorced,Master,,329.0,11612.38,60,6,10,True,1
674,40.0,Female,Married,Master,107237.19,580.0,43758.67,60,7,6,True,1
675,33.0,Female,Single,PhD,,,5268.36,48,0,9,True,1
676,,Male,Divorced,Master,91410.27,547.0,24881.84,24,1,0,True,0
677,62.0,Male,Single,High School,60557.92,,34879.39,24,6,7,False,0
678,70.0,Male,Single,High School,82725.05,794.0,13825.8,12,10,3,False,0
679,59.0,Male,Married,Master,85867.44,324.0,31587.8,12,1,8,True,1
680,56.0,Female,Single,High School,70340.85,789.0,41639.87,48,6,0,False,0
681,31.0,Male,Divorced,PhD,137854.39,793.0,10326.51,36,8,10,True,0
682,48.0,Female,Divorced,High School,22088.04,613.0,45943.81,36,10,1,True,0
683,22.0,Male,Divorced,PhD,121682.26,674.0,28124.37,36,1,5,False,0
684,52.0,Male,Divorced,Bachelor,36169.77,324.0,15662.37,24,6,10,False,1
685,40.0,Male,Married,Bachelor,123681.16,633.0,22112.06,24,3,9,True,1
686,46.0,Female,Single,Bachelor,100068.55,654.0,16297.4,60,10,10,True,0
687,60.0,Male,Married,Bachelor,129626.15,415.0,36530.45,24,1,0,False,1
688,,Female,Single,High School,32676.86,347.0,40018.73,24,6,3,False,0
689,35.0,Female,Single,Master,92667.48,398.0,,24,4,7,True,0
690,64.0,Male,Single,High School,85141.42,758.0,49302.64,48,0,9,True,1
691,29.0,Male,Married,PhD,111805.11,822.0,39772.93,24,4,4,True,1
692,26.0,Male,Single,High School,89457.77,704.0,30467.82,12,2,8,False,0
693,27.0,Female,Married,High School,90295.49,513.0,17621.79,12,6,10,True,1
694,,Male,Divorced,PhD,75847.47,802.0,27685.18,60,5,10,False,0
695,34.0,Female,Divorced,Bachelor,60148.48,747.0,3012.34,48,7,5,True,0
696,55.0,Female,Single,Bachelor,,557.0,37496.43,12,4,0,False,0
697,,Male,Married,Bachelor,35404.01,420.0,22851.82,48,1,5,False,1
698,63.0,Male,Divorced,Master,144996.73,,1981.14,48,8,5,False,0
699,30.0,Female,Married,PhD,112873.4,630.0,4062.84,60,10,5,False,0
700,57.0,Female,Married,PhD,143820.73,540.0,19985.86,48,7,7,True,0
701,59.0,Female,Single,High School,49474.56,829.0,29587.65,24,5,5,False,0
702,,Male,Divorced,Master,134314.33,,23745.99,48,9,4,False,0
703,67.0,Female,Single,Bachelor,125142.7,486.0,,60,6,10,False,1
704,44.0,Male,Single,Master,108029.81,,24534.42,60,8,1,True,1
705,19.0,Female,Divorced,PhD,101253.79,663.0,33423.49,60,6,3,True,0
706,22.0,Female,Divorced,PhD,61151.46,790.0,11737.18,12,2,9,True,0
707,,Male,Married,High School,126133.4,730.0,6529.32,24,5,4,True,0
708,54.0,Female,Divorced,High School,85197.01,538.0,30225.26,12,10,9,True,1
709,55.0,Male,Married,PhD,29215.9,603.0,24749.79,36,10,3,True,0
710,36.0,Male,Married,Bachelor,60672.21,597.0,2316.52,24,6,1,False,0
711,25.0,Female,Married,Bachelor,141588.62,,19643.61,48,1,6,False,0
712,65.0,Male,Divorced,Master,130588.43,632.0,6200.15,60,2,9,False,0
713,62.0,Male,Single,PhD,147647.74,773.0,27036.48,36,3,9,True,0
714,18.0,Female,Married,PhD,101639.14,582.0,20393.11,24,9,1,False,0
715,39.0,Male,Single,Bachelor,52176.31,371.0,31044.44,12,5,0,False,0
716,69.0,Male,Single,Bachelor,41165.96,,40474.51,60,0,4,True,1
717,34.0,Male,Divorced,PhD,44298.88,311.0,15683.77,12,8,0,False,0
718,24.0,Female,Single,High School,22573.44,440.0,48143.0,24,4,0,True,1
719,42.0,Male,Single,PhD,70788.67,316.0,,24,6,0,False,1
720,62.0,Female,Divorced,PhD,44885.6,362.0,31296.25,36,8,5,True,1
721,21.0,Female,Married,Bachelor,73515.21,552.0,34352.95,48,8,8,True,1
722,53.0,Male,Single,Bachelor,141549.28,764.0,33669.84,12,0,9,True,1
723,23.0,Male,Divorced,High School,75970.23,675.0,26037.57,36,0,10,False,0
724,48.0,Male,Single,High School,134137.98,819.0,22009.45,60,2,0,False,0
725,36.0,Female,Single,Master,98715.62,389.0,3635.32,48,5,4,True,0
726,61.0,Male,Married,PhD,52127.1,474.0,2082.21,36,1,8,True,1
727,56.0,Male,Single,Bachelor,66261.12,375.0,18540.1,12,9,8,False,0
728,44.0,Male,Divorced,High School,30909.54,699.0,17349.38,24,10,0,False,0
729,27.0,Male,Single,Master,63350.14,370.0,19997.06,60,0,7,True,0
730,43.0,Male,Married,Master,108080.32,479.0,7780.04,12,0,0,False,0
731,36.0,Female,Married,Bachelor,,423.0,37170.25,48,4,7,False,1
732,56.0,Female,Divorced,Bachelor,46702.18,680.0,42991.26,48,3,0,False,0
733,20.0,Male,Married,Master,69587.34,592.0,46997.02,24,0,4,True,1
734,62.0,Male,Single,High School,,494.0,25125.75,24,3,7,True,0
735,30.0,Male,Married,Master,122032.04,527.0,35342.42,60,2,5,False,1
736,67.0,Male,Divorced,PhD,115353.28,730.0,42922.01,60,1,8,True,0
737,45.0,Female,Married,PhD,35104.82,735.0,21496.26,24,8,0,False,0
738,37.0,Male,Married,Bachelor,121529.47,760.0,16161.23,24,10,8,False,0
739,45.0,Female,Married,High School,122084.95,320.0,46899.5,48,0,0,True,1
740,25.0,Female,Divorced,High School,98143.35,363.0,26268.15,24,6,9,True,0
741,58.0,Male,Married,PhD,148747.03,464.0,25365.44,36,3,9,True,1
742,56.0,Female,Married,Master,62283.01,326.0,9742.39,12,4,2,False,0
743,18.0,Female,Single,Bachelor,142365.42,610.0,6299.6,24,9,0,False,0
744,20.0,Female,Divorced,Master,138915.04,584.0,42263.24,60,4,2,True,0
745,30.0,Female,Married,Master,21492.49,580.0,31092.53,36,0,10,True,1
746,45.0,Male,Divorced,Master,78515.15,463.0,16965.4,60,5,1,True,0
747,66.0,Male,Married,High School,147023.55,523.0,10395.07,36,8,1,False,0
748,42.0,Female,Married,PhD,33405.78,445.0,28219.37,24,1,8,False,0
749,50.0,Male,Married,High School,91212.01,329.0,29612.05,12,6,7,False,0
750,,Male,Single,PhD,147264.48,344.0,11142.69,60,5,0,True,1
751,,Male,Single,Bachelor,92214.41,770.0,42718.88,36,4,3,True,0
752,23.0,Male,Single,Bachelor,44675.99,333.0,5128.95,48,3,0,False,0
753,61.0,Male,Divorced,Master,95683.82,726.0,,24,3,0,True,0
754,62.0,Female,Divorced,PhD,46577.27,,34338.84,12,5,3,True,0
755,49.0,Male,Single,PhD,87561.55,833.0,14431.9,24,3,1,True,0
756,62.0,Male,Divorced,PhD,29625.49,666.0,41556.08,48,4,2,True,0
757,64.0,Male,Married,Master,98712.75,849.0,37253.52,12,5,10,False,0
758,38.0,Male,Married,Master,87182.69,415.0,39662.12,48,4,8,True,1
759,33.0,Female,Married,Bachelor,116220.98,538.0,6836.22,24,6,1,False,0
760,38.0,Female,Single,High School,101991.06,634.0,7886.81,36,8,3,False,0
761,28.0,Female,Divorced,PhD,91448.81,740.0,15037.21,24,9,0,True,0
762,54.0,Female,Single,PhD,109671.25,447.0,26385.78,24,6,1,False,0
763,53.0,Male,Divorced,High School,38712.45,308.0,37652.79,24,6,4,False,1
764,52.0,Female,Married,PhD,97396.76,587.0,,60,3,9,True,1
765,36.0,Male,Single,Master,42374.38,,35512.43,48,0,0,False,0
766,37.0,Male,Divorced,Master,140317.89,349.0,46501.25,48,7,10,False,1
767,35.0,Male,Divorced,PhD,28883.43,816.0,,48,3,6,False,0
768,64.0,Male,Married,Master,75948.72,577.0,16007.13,60,0,3,False,0
769,,Male,Single,Master,110453.67,599.0,13988.98,36,4,5,False,1
770,,Female,Single,PhD,,434.0,,24,7,7,False,1
771,31.0,Female,Single,Bachelor,31972.38,446.0,10450.66,36,3,5,False,0
772,32.0,Female,Married,High School,91939.27,789.0,5543.03,60,7,1,False,0
773,48.0,Female,Single,Master,103412.15,777.0,27078.92,48,7,0,True,1
774,18.0,Male,Married,Bachelor,111493.0,,,24,2,7,True,1
775,70.0,Female,Married,Master,68523.78,683.0,5967.61,12,8,7,True,0
776,20.0,Male,Married,Master,93275.8,462.0,39802.67,12,2,8,False,1
777,33.0,Female,Divorced,High School,78589.24,740.0,40767.03,36,0,5,False,0
778,40.0,Male,Single,Master,107367.29,488.0,24631.43,48,1,0,False,0
779,28.0,Male,Single,High School,95862.41,714.0,3808.21,12,5,8,True,0
780,29.0,Female,Married,High School,88348.31,638.0,9554.9,36,9,2,True,0
781,27.0,Male,Married,High School,52438.17,480.0,35663.89,60,1,10,True,1
782,49.0,Male,Single,Bachelor,,587.0,35877.12,36,5,5,False,0
783,33.0,Female,Married,PhD,42630.62,486.0,45019.41,36,0,9,True,1
784,25.0,Male,Single,Bachelor,35218.59,437.0,29551.62,36,10,9,True,0
785,55.0,Female,Divorced,PhD,78381.02,429.0,7081.26,24,0,10,False,1
786,29.0,Female,Married,PhD,99593.56,493.0,6949.33,36,4,8,True,1
787,41.0,Female,Single,High School,47701.05,615.0,36335.49,36,9,10,False,0
788,45.0,Male,Married,Master,142077.42,443.0,10005.45,24,10,2,True,0
789,70.0,Male,Single,High School,20868.68,315.0,17090.89,24,8,4,False,0
790,25.0,Male,Single,Master,120399.13,601.0,24873.39,60,7,4,False,0
791,45.0,Female,Married,PhD,101276.62,,2213.48,48,2,9,False,0
792,53.0,Male,Divorced,High School,68562.12,544.0,13192.13,12,2,6,False,0
793,43.0,Female,Single,Master,26563.56,406.0,20986.59,12,0,3,False,1
794,25.0,Female,Single,Bachelor,101573.25,387.0,14702.18,36,2,10,True,1
795,67.0,Male,Single,Master,70129.76,428.0,7682.15,60,10,3,False,1
796,45.0,Female,Divorced,High School,141714.73,640.0,36672.6,36,0,6,False,0
797,45.0,Male,Divorced,Bachelor,90458.71,303.0,40844.24,12,7,8,False,0
798,54.0,Male,Married,Master,142154.7,626.0,13616.47,24,0,10,False,0
799,58.0,Male,Divorced,Master,48662.88,709.0,38946.56,48,4,3,True,0
800,53.0,Male,Married,Master,114344.37,605.0,19892.12,60,8,3,False,0
801,44.0,Male,Married,Master,100242.37,524.0,25827.6,24,6,5,True,1
802,34.0,Female,Divorced,Master,116123.07,647.0,42944.05,48,3,5,False,1
803,26.0,Female,Married,Bachelor,47906.82,620.0,37747.73,60,10,6,False,1
804,50.0,Female,Divorced,PhD,106449.29,480.0,40450.73,60,8,0,True,1
805,70.0,Male,Married,Bachelor,84745.25,685.0,7705.41,12,8,10,True,0
806,37.0,Male,Divorced,Bachelor,,407.0,4416.25,24,1,2,True,1
807,30.0,Male,Divorced,Bachelor,62515.8,830.0,44776.83,60,9,8,False,0
808,45.0,Female,Married,PhD,135707.41,709.0,20003.88,60,9,5,True,1
809,,Male,Single,High School,30959.17,,15106.1,48,10,5,False,1
810,46.0,Female,Married,PhD,124934.61,470.0,36510.12,12,5,4,True,1
811,30.0,Female,Divorced,Bachelor,131971.55,630.0,41984.36,36,3,10,True,1
812,63.0,Male,Single,Master,126242.8,792.0,43261.99,12,7,2,False,0
813,52.0,Male,Married,Master,86654.43,494.0,16483.86,36,10,10,True,1
814,23.0,Female,Married,Bachelor,76990.05,311.0,42758.41,24,6,4,True,1
815,35.0,Male,Married,Master,149514.1,494.0,,24,6,0,False,0
816,68.0,Female,Single,Bachelor,49792.35,789.0,3433.41,60,10,2,False,0
817,22.0,Male,Divorced,Master,91093.88,481.0,31552.44,24,9,3,False,1
818,64.0,Male,Married,PhD,107187.82,615.0,4092.21,60,8,4,True,0
819,42.0,Female,Married,High School,111112.79,329.0,16905.85,12,4,9,True,0
820,19.0,Male,Married,High School,46523.21,,33965.04,24,5,8,True,1
821,,Female,Married,PhD,105019.23,680.0,17526.08,12,0,3,True,0
822,47.0,Male,Married,PhD,,743.0,9800.39,12,5,2,True,1
823,67.0,Female,Divorced,Bachelor,26502.41,597.0,14786.18,24,1,9,False,1
824,62.0,Female,Divorced,Bachelor,138497.77,660.0,23421.19,12,5,0,True,0
825,22.0,Male,Married,Bachelor,23835.53,673.0,24293.91,24,8,9,False,0
826,50.0,Female,Single,Master,66276.23,602.0,39367.01,24,7,5,True,0
827,18.0,Male,Divorced,Bachelor,22055.72,720.0,37757.51,24,8,6,False,0
828,35.0,Male,Single,PhD,30028.87,545.0,23384.07,36,9,9,True,1
829,49.0,Male,Divorced,High School,138451.88,536.0,42437.7,12,7,7,True,1
830,64.0,Female,Married,Master,66131.91,833.0,6597.62,48,2,0,False,0
831,66.0,Female,Divorced,Bachelor,,484.0,13512.31,24,7,3,True,1
832,28.0,Male,Married,Master,47994.77,767.0,,12,5,10,False,0
833,38.0,Male,Divorced,Master,,662.0,19521.71,60,5,4,True,1
834,43.0,Female,Married,Bachelor,97324.42,582.0,49077.9,24,5,1,True,0
835,42.0,Male,Married,Master,68386.05,635.0,23846.41,24,2,0,False,0
836,39.0,Male,Married,High School,63294.53,461.0,39804.85,48,9,7,True,1
837,44.0,Female,Married,PhD,135045.36,459.0,20713.05,36,0,5,False,1
838,66.0,Male,Single,PhD,69826.95,773.0,21822.72,36,3,4,True,0
839,30.0,Female,Married,High School,84155.13,621.0,,24,9,8,True,0
840,50.0,Male,Single,Master,56829.62,311.0,36234.71,12,5,10,True,0
841,51.0,Female,Single,Bachelor,122280.04,723.0,27828.38,60,10,10,True,0
842,58.0,Male,Married,Master,71668.26,372.0,47245.13,60,9,1,True,1
843,52.0,Male,Single,High School,86769.44,500.0,13293.63,12,1,9,True,0
844,18.0,Female,Divorced,Master,52936.43,821.0,5927.57,24,6,7,True,0
845,38.0,Male,Married,PhD,148395.75,804.0,20269.81,60,6,10,False,0
846,65.0,Female,Single,Master,57894.45,338.0,31218.92,36,10,9,True,1
847,23.0,Male,Married,High School,,359.0,43179.15,12,3,8,True,1
848,45.0,Female,Married,PhD,75574.43,620.0,17963.65,48,3,0,True,0
849,34.0,Female,Married,Master,46808.26,734.0,,24,0,6,False,0
850,22.0,Female,Single,Master,123963.44,707.0,18159.74,12,1,7,False,0
851,48.0,Female,Divorced,PhD,63368.88,685.0,31243.76,60,8,2,True,1
852,22.0,Male,Divorced,Bachelor,132475.14,377.0,44355.59,24,9,3,True,1
853,55.0,Male,Single,PhD,138983.43,493.0,12336.52,36,7,2,True,1
854,20.0,Female,Married,Bachelor,131777.1,584.0,20807.84,24,7,6,False,0
855,70.0,Female,Single,High School,24551.03,826.0,49669.99,24,8,8,True,1
856,40.0,Female,Single,High School,122358.53,823.0,43559.29,36,6,2,False,0
857,54.0,Male,Single,PhD,73474.13,455.0,28667.35,36,8,5,True,0
858,70.0,Male,Married,PhD,133583.98,639.0,26314.75,24,9,7,False,0
859,54.0,Male,Single,High School,102934.05,424.0,14945.42,36,1,5,False,1
860,27.0,Male,Married,Bachelor,128373.61,579.0,26343.26,12,5,1,True,1
861,,Female,Single,High School,84926.13,427.0,42560.89,36,2,6,True,1
862,36.0,Female,Divorced,PhD,,613.0,34573.55,36,10,1,True,1
863,34.0,Female,Single,High School,38770.39,631.0,15212.16,24,5,1,True,0
864,38.0,Male,Single,PhD,121918.36,449.0,10871.73,12,2,1,True,1
865,31.0,Male,Divorced,PhD,,753.0,13995.22,48,7,10,True,1
866,26.0,Male,Married,High School,85010.42,335.0,9318.2,48,10,0,True,1
867,,Female,Married,Bachelor,122062.7,719.0,,60,3,10,False,0
868,18.0,Female,Single,Master,97849.9,321.0,21537.67,36,9,0,True,0
869,68.0,Male,Divorced,High School,46142.83,505.0,6551.68,36,5,6,True,0
870,62.0,Female,Married,Master,96730.25,655.0,9423.72,12,8,4,False,0
871,30.0,Male,Single,High School,72992.27,739.0,27818.91,48,1,10,True,0
872,21.0,Male,Divorced,Master,81038.32,395.0,9065.36,60,1,2,True,1
873,18.0,Female,Married,Bachelor,23680.47,463.0,4130.11,12,6,0,True,0
874,66.0,Male,Married,Bachelor,47303.82,447.0,16552.05,36,1,10,True,1
875,57.0,Female,Divorced,High School,56534.95,829.0,11795.64,48,1,9,False,0
876,49.0,Male,Divorced,PhD,112684.8,593.0,26249.95,60,3,5,False,0
877,51.0,Female,Divorced,Master,,494.0,6015.99,24,8,10,True,1
878,45.0,Female,Divorced,PhD,73141.04,779.0,,48,7,0,True,1
879,48.0,Female,Single,PhD,140123.49,422.0,45405.44,60,1,8,False,1
880,25.0,Male,Divorced,PhD,34544.48,699.0,37428.32,12,7,1,True,1
881,56.0,Male,Married,Bachelor,87135.17,751.0,27108.52,24,3,0,False,0
882,43.0,Female,Married,High School,,403.0,43172.72,60,1,6,False,1
883,51.0,Female,Single,High School,142529.07,761.0,35051.0,60,10,5,False,0
884,20.0,Male,Married,Bachelor,117080.96,695.0,1517.01,36,9,5,True,1
885,67.0,Male,Married,Bachelor,113673.52,636.0,20310.42,48,6,4,True,0
886,29.0,Male,Divorced,High School,127443.45,441.0,42696.64,36,5,10,True,1
887,,Female,Married,PhD,78006.16,616.0,17947.08,24,9,3,False,0
888,61.0,Male,Single,Master,124759.79,826.0,2725.54,60,4,10,True,0
889,22.0,Male,Divorced,Master,21035.37,700.0,37562.8,36,10,3,True,1
890,47.0,Female,Divorced,Master,140192.94,609.0,40299.88,48,0,2,False,0
891,47.0,Male,Single,PhD,77629.85,794.0,8869.09,24,1,9,True,1
892,34.0,Male,Divorced,High School,91939.42,408.0,,12,7,7,True,1
893,65.0,Male,Divorced,Bachelor,53134.69,671.0,10405.82,36,0,6,True,1
894,64.0,Female,Single,High School,116529.01,505.0,36242.49,24,2,8,False,1
895,40.0,Female,Divorced,PhD,29962.65,342.0,14305.97,12,1,0,True,0
896,32.0,Female,Single,Bachelor,133442.65,544.0,16494.54,36,4,6,False,0
897,54.0,Female,Single,PhD,127655.19,586.0,42403.57,24,3,9,False,1
898,38.0,Female,Married,Master,48087.82,654.0,24339.8,24,6,3,False,0
899,31.0,Female,Married,Master,125212.17,775.0,33817.97,36,4,6,True,1
900,19.0,Female,Divorced,PhD,122226.51,382.0,20716.28,24,7,0,True,0
901,28.0,Male,Divorced,Bachelor,102188.16,409.0,15602.34,60,3,4,True,1
902,68.0,Male,Single,Bachelor,68557.62,489.0,31648.42,36,5,2,False,1
903,56.0,Female,Divorced,High School,55294.84,550.0,8588.02,24,3,4,False,1
904,55.0,Male,Single,Master,50131.87,590.0,19276.99,12,1,3,True,1
905,,Male,Single,High School,61419.17,,11242.81,12,0,1,False,1
906,55.0,Female,Divorced,High School,137462.6,625.0,35093.95,60,0,10,True,0
907,67.0,Male,Single,PhD,30093.3,810.0,47266.23,36,7,3,True,0
908,51.0,Male,Married,PhD,127753.27,708.0,49780.04,24,3,2,True,0
909,35.0,Male,Divorced,High School,65355.71,807.0,23063.56,24,4,0,True,0
910,47.0,Male,Married,Master,87807.92,371.0,13373.99,12,10,9,True,0
911,32.0,Male,Divorced,PhD,123283.13,546.0,22698.64,60,7,7,True,0
912,44.0,Female,Single,High School,134968.95,643.0,42516.2,12,6,4,True,1
913,68.0,Female,Divorced,High School,64821.58,353.0,11094.28,12,7,3,False,0
914,51.0,Female,Married,High School,80039.65,,47652.69,60,7,9,True,1
915,69.0,Male,Single,High School,73887.09,831.0,17751.42,36,5,4,False,0
916,55.0,Female,Divorced,High School,,492.0,49304.38,24,9,3,False,0
917,50.0,Male,Divorced,High School,,357.0,42091.84,36,1,2,True,1
918,41.0,Male,Divorced,PhD,79694.6,736.0,40619.96,48,5,4,False,1
919,32.0,Male,Married,Master,73442.17,410.0,16577.33,48,0,3,False,0
920,47.0,Male,Married,High School,113850.8,428.0,1430.08,48,0,0,False,1
921,59.0,Female,Divorced,Bachelor,70024.47,625.0,19724.51,60,10,2,True,0
922,,Female,Single,PhD,83618.94,307.0,15788.66,12,2,9,True,0
923,34.0,Male,Single,PhD,75849.12,328.0,2832.45,36,2,9,True,1
924,22.0,Female,Married,High School,116281.4,411.0,25762.9,24,10,7,True,1
925,46.0,Male,Single,PhD,132186.41,430.0,20748.53,48,4,6,True,1
926,21.0,Female,Married,High School,89145.58,487.0,32093.27,36,0,1,False,0
927,27.0,Female,Divorced,Master,122626.19,774.0,31438.13,48,9,0,False,0
928,34.0,Male,Married,Master,58582.27,663.0,6916.59,48,5,2,True,1
929,27.0,Female,Married,PhD,90378.05,,48871.31,24,6,4,False,1
930,34.0,Male,Divorced,PhD,64879.89,511.0,10159.64,60,9,9,False,1
931,37.0,Female,Single,Bachelor,73846.12,575.0,22818.43,12,10,10,False,1
932,41.0,Male,Married,PhD,115213.8,372.0,24917.76,60,2,0,False,0
933,22.0,Male,Married,Bachelor,134616.12,542.0,40840.08,36,3,2,True,1
934,51.0,Female,Divorced,Master,35794.4,401.0,,60,9,2,True,0
935,23.0,Female,Single,Master,102503.1,470.0,,36,10,4,True,1
936,70.0,Male,Married,High School,95678.69,,31796.61,36,9,2,False,0
937,19.0,Female,Divorced,Master,35393.96,740.0,11542.63,12,9,8,False,0
938,30.0,Female,Married,Bachelor,47546.26,385.0,31745.93,24,9,0,True,1
939,60.0,Male,Divorced,PhD,,775.0,46259.58,12,9,3,True,0
940,60.0,Male,Single,High School,41701.04,351.0,49878.39,60,2,9,False,1
941,65.0,Female,Single,Bachelor,51684.83,410.0,,36,0,9,True,1
942,,Male,Single,PhD,54788.1,342.0,12543.82,48,7,3,True,1
943,,Male,Single,High School,63637.6,510.0,16205.05,48,9,0,False,0
944,64.0,Male,Married,Master,117420.76,499.0,20557.18,36,9,1,False,0
945,,Female,Married,Bachelor,94348.59,325.0,12870.6,12,1,10,True,1
946,33.0,Female,Single,PhD,148212.07,598.0,10970.91,24,0,0,False,0
947,48.0,Male,Single,High School,73915.66,376.0,47773.14,12,7,5,True,1
948,28.0,Female,Single,High School,,,46007.56,36,6,2,False,0
949,33.0,Male,Married,Master,133290.89,319.0,3302.63,36,6,6,False,0
950,25.0,Female,Single,PhD,,739.0,17601.84,24,3,4,True,0
951,21.0,Male,Single,Master,73542.42,510.0,20852.28,60,10,8,False,0
952,57.0,Male,Single,Master,117967.3,850.0,12711.71,60,8,6,True,1
953,21.0,Female,Divorced,PhD,46476.73,734.0,31814.77,24,5,3,False,0
954,42.0,Male,Single,PhD,62581.78,506.0,32378.66,60,1,4,True,1
955,20.0,Female,Divorced,PhD,91069.08,738.0,42674.71,48,0,4,False,0
956,49.0,Female,Divorced,Bachelor,94803.22,341.0,37302.59,60,0,10,False,0
957,20.0,Male,Single,PhD,22878.39,710.0,27586.09,60,8,4,True,0
958,44.0,Male,Divorced,High School,142864.84,822.0,33025.75,60,3,9,False,0
959,,Female,Single,Master,110561.55,726.0,14425.45,48,4,8,True,0
960,49.0,Male,Married,Bachelor,84441.49,574.0,,60,2,9,False,1
961,67.0,Male,Married,PhD,141306.54,747.0,24972.14,48,3,2,False,0
962,68.0,Male,Married,Bachelor,77082.42,668.0,7533.88,24,7,5,True,1
963,36.0,Male,Married,PhD,147456.62,519.0,12884.67,12,3,7,False,0
964,38.0,Male,Divorced,Bachelor,86597.02,531.0,15292.98,24,8,10,False,1
965,22.0,Female,Single,Master,34857.15,627.0,46291.17,12,8,8,True,0
966,35.0,Female,Single,Master,119424.13,742.0,12288.95,24,5,6,False,1
967,45.0,Male,Single,High School,108256.7,351.0,15172.95,12,1,2,True,0
968,59.0,Male,Married,High School,120488.27,675.0,,12,9,0,True,0
969,39.0,Male,Married,PhD,143687.46,562.0,,36,10,3,True,1
970,,Female,Single,Master,120943.61,566.0,,12,6,5,False,1
971,23.0,Male,Married,Bachelor,99473.76,658.0,47743.32,12,8,2,False,0
972,18.0,Female,Single,Bachelor,131450.16,616.0,43412.99,36,5,0,True,0
973,22.0,Female,Single,Bachelor,107522.04,623.0,29283.59,60,2,5,False,0
974,58.0,Female,Single,High School,73055.48,720.0,,60,6,0,True,0
975,29.0,Male,Single,Bachelor,135130.57,345.0,1816.36,36,4,8,False,1
976,43.0,Female,Single,High School,48847.06,568.0,17608.29,48,0,10,True,0
977,63.0,Male,Single,High School,112903.37,680.0,39987.35,12,2,0,True,1
978,,Female,Single,PhD,134603.25,417.0,4796.67,12,4,5,False,1
979,66.0,Male,Married,Bachelor,115071.15,415.0,14833.38,36,6,0,True,0
980,31.0,Female,Single,Bachelor,,559.0,29679.54,36,2,6,True,1
981,43.0,Male,Single,Master,117842.98,374.0,13564.24,48,5,2,False,0
982,62.0,Female,Married,PhD,80457.18,779.0,46764.92,60,4,5,True,1
983,44.0,Male,Married,Master,133642.19,604.0,7421.87,24,0,6,True,0
984,26.0,Male,Married,PhD,46446.74,306.0,40072.32,60,9,0,False,0
985,43.0,Male,Single,Bachelor,,665.0,25889.49,12,5,0,True,0
986,64.0,Male,Divorced,High School,57116.14,822.0,37766.21,36,7,4,True,0
987,39.0,Female,Divorced,High School,89105.06,647.0,16225.05,48,0,5,True,0
988,64.0,Female,Married,High School,86373.03,737.0,26209.99,60,1,8,True,0
989,47.0,Male,Divorced,High School,126677.84,514.0,,48,3,0,True,1
990,60.0,Female,Married,High School,72593.93,728.0,23877.03,60,1,3,True,0
991,65.0,Male,Single,Master,82964.78,797.0,18626.27,12,10,9,True,0
992,34.0,Male,Divorced,PhD,21737.8,839.0,27271.61,24,8,7,True,0
993,43.0,Female,Single,Bachelor,73266.1,666.0,36150.77,48,9,9,False,0
994,,Male,Divorced,Master,104210.65,612.0,22734.6,48,7,8,True,0
995,18.0,Male,Single,PhD,22016.08,837.0,47004.97,24,7,2,True,0
996,25.0,Female,Divorced,High School,56514.66,353.0,15452.35,48,3,10,False,1
997,66.0,Male,Single,PhD,47034.33,840.0,24297.72,48,4,1,True,0
998,52.0,Male,Single,PhD,25458.11,766.0,38089.46,60,3,3,True,0
999,69.0,Male,Divorced,High School,82303.81,463.0,,60,8,1,True,0
1000,32.0,Male,Single,High School,43624.03,633.0,43318.41,24,1,0,True,1
